--
-- PostgreSQL database dump
--

-- Dumped from database version 17.1 (Debian 17.1-1.pgdg120+1)
-- Dumped by pg_dump version 17.1 (Debian 17.1-1.pgdg120+1)

SET statement_timeout = 0;
SET lock_timeout = 0;
SET idle_in_transaction_session_timeout = 0;
SET transaction_timeout = 0;
SET client_encoding = 'UTF8';
SET standard_conforming_strings = on;
SELECT pg_catalog.set_config('search_path', '', false);
SET check_function_bodies = false;
SET xmloption = content;
SET client_min_messages = warning;
SET row_security = off;

SET default_tablespace = '';

SET default_table_access_method = heap;

--
-- Name: auth_group; Type: TABLE; Schema: public; Owner: helloweb
--

CREATE TABLE public.auth_group (
    id integer NOT NULL,
    name character varying(150) NOT NULL
);


ALTER TABLE public.auth_group OWNER TO helloweb;

--
-- Name: auth_group_id_seq; Type: SEQUENCE; Schema: public; Owner: helloweb
--

ALTER TABLE public.auth_group ALTER COLUMN id ADD GENERATED BY DEFAULT AS IDENTITY (
    SEQUENCE NAME public.auth_group_id_seq
    START WITH 1
    INCREMENT BY 1
    NO MINVALUE
    NO MAXVALUE
    CACHE 1
);


--
-- Name: auth_group_permissions; Type: TABLE; Schema: public; Owner: helloweb
--

CREATE TABLE public.auth_group_permissions (
    id bigint NOT NULL,
    group_id integer NOT NULL,
    permission_id integer NOT NULL
);


ALTER TABLE public.auth_group_permissions OWNER TO helloweb;

--
-- Name: auth_group_permissions_id_seq; Type: SEQUENCE; Schema: public; Owner: helloweb
--

ALTER TABLE public.auth_group_permissions ALTER COLUMN id ADD GENERATED BY DEFAULT AS IDENTITY (
    SEQUENCE NAME public.auth_group_permissions_id_seq
    START WITH 1
    INCREMENT BY 1
    NO MINVALUE
    NO MAXVALUE
    CACHE 1
);


--
-- Name: auth_permission; Type: TABLE; Schema: public; Owner: helloweb
--

CREATE TABLE public.auth_permission (
    id integer NOT NULL,
    name character varying(255) NOT NULL,
    content_type_id integer NOT NULL,
    codename character varying(100) NOT NULL
);


ALTER TABLE public.auth_permission OWNER TO helloweb;

--
-- Name: auth_permission_id_seq; Type: SEQUENCE; Schema: public; Owner: helloweb
--

ALTER TABLE public.auth_permission ALTER COLUMN id ADD GENERATED BY DEFAULT AS IDENTITY (
    SEQUENCE NAME public.auth_permission_id_seq
    START WITH 1
    INCREMENT BY 1
    NO MINVALUE
    NO MAXVALUE
    CACHE 1
);


--
-- Name: auth_user; Type: TABLE; Schema: public; Owner: helloweb
--

CREATE TABLE public.auth_user (
    id integer NOT NULL,
    password character varying(128) NOT NULL,
    last_login timestamp with time zone,
    is_superuser boolean NOT NULL,
    username character varying(150) NOT NULL,
    first_name character varying(150) NOT NULL,
    last_name character varying(150) NOT NULL,
    email character varying(254) NOT NULL,
    is_staff boolean NOT NULL,
    is_active boolean NOT NULL,
    date_joined timestamp with time zone NOT NULL
);


ALTER TABLE public.auth_user OWNER TO helloweb;

--
-- Name: auth_user_groups; Type: TABLE; Schema: public; Owner: helloweb
--

CREATE TABLE public.auth_user_groups (
    id bigint NOT NULL,
    user_id integer NOT NULL,
    group_id integer NOT NULL
);


ALTER TABLE public.auth_user_groups OWNER TO helloweb;

--
-- Name: auth_user_groups_id_seq; Type: SEQUENCE; Schema: public; Owner: helloweb
--

ALTER TABLE public.auth_user_groups ALTER COLUMN id ADD GENERATED BY DEFAULT AS IDENTITY (
    SEQUENCE NAME public.auth_user_groups_id_seq
    START WITH 1
    INCREMENT BY 1
    NO MINVALUE
    NO MAXVALUE
    CACHE 1
);


--
-- Name: auth_user_id_seq; Type: SEQUENCE; Schema: public; Owner: helloweb
--

ALTER TABLE public.auth_user ALTER COLUMN id ADD GENERATED BY DEFAULT AS IDENTITY (
    SEQUENCE NAME public.auth_user_id_seq
    START WITH 1
    INCREMENT BY 1
    NO MINVALUE
    NO MAXVALUE
    CACHE 1
);


--
-- Name: auth_user_user_permissions; Type: TABLE; Schema: public; Owner: helloweb
--

CREATE TABLE public.auth_user_user_permissions (
    id bigint NOT NULL,
    user_id integer NOT NULL,
    permission_id integer NOT NULL
);


ALTER TABLE public.auth_user_user_permissions OWNER TO helloweb;

--
-- Name: auth_user_user_permissions_id_seq; Type: SEQUENCE; Schema: public; Owner: helloweb
--

ALTER TABLE public.auth_user_user_permissions ALTER COLUMN id ADD GENERATED BY DEFAULT AS IDENTITY (
    SEQUENCE NAME public.auth_user_user_permissions_id_seq
    START WITH 1
    INCREMENT BY 1
    NO MINVALUE
    NO MAXVALUE
    CACHE 1
);


--
-- Name: content_sitecontent; Type: TABLE; Schema: public; Owner: helloweb
--

CREATE TABLE public.content_sitecontent (
    id bigint NOT NULL,
    email character varying(254) NOT NULL,
    phone character varying(20) NOT NULL,
    address text NOT NULL
);


ALTER TABLE public.content_sitecontent OWNER TO helloweb;

--
-- Name: content_sitecontent_id_seq; Type: SEQUENCE; Schema: public; Owner: helloweb
--

ALTER TABLE public.content_sitecontent ALTER COLUMN id ADD GENERATED BY DEFAULT AS IDENTITY (
    SEQUENCE NAME public.content_sitecontent_id_seq
    START WITH 1
    INCREMENT BY 1
    NO MINVALUE
    NO MAXVALUE
    CACHE 1
);


--
-- Name: content_sitesettings; Type: TABLE; Schema: public; Owner: helloweb
--

CREATE TABLE public.content_sitesettings (
    id bigint NOT NULL,
    email character varying(254) NOT NULL,
    phone character varying(20) NOT NULL,
    address text NOT NULL,
    facebook character varying(200) NOT NULL,
    instagram character varying(200) NOT NULL,
    linkedin character varying(200) NOT NULL,
    tiktok character varying(200) NOT NULL,
    twitter character varying(200) NOT NULL,
    youtube character varying(200) NOT NULL
);


ALTER TABLE public.content_sitesettings OWNER TO helloweb;

--
-- Name: content_sitesettings_id_seq; Type: SEQUENCE; Schema: public; Owner: helloweb
--

ALTER TABLE public.content_sitesettings ALTER COLUMN id ADD GENERATED BY DEFAULT AS IDENTITY (
    SEQUENCE NAME public.content_sitesettings_id_seq
    START WITH 1
    INCREMENT BY 1
    NO MINVALUE
    NO MAXVALUE
    CACHE 1
);


--
-- Name: content_sociallink; Type: TABLE; Schema: public; Owner: helloweb
--

CREATE TABLE public.content_sociallink (
    id bigint NOT NULL,
    url character varying(200) NOT NULL,
    site_settings_id bigint NOT NULL,
    platform_id bigint NOT NULL,
    created_at timestamp with time zone NOT NULL
);


ALTER TABLE public.content_sociallink OWNER TO helloweb;

--
-- Name: content_sociallink_id_seq; Type: SEQUENCE; Schema: public; Owner: helloweb
--

ALTER TABLE public.content_sociallink ALTER COLUMN id ADD GENERATED BY DEFAULT AS IDENTITY (
    SEQUENCE NAME public.content_sociallink_id_seq
    START WITH 1
    INCREMENT BY 1
    NO MINVALUE
    NO MAXVALUE
    CACHE 1
);


--
-- Name: content_socialplatform; Type: TABLE; Schema: public; Owner: helloweb
--

CREATE TABLE public.content_socialplatform (
    id bigint NOT NULL,
    name character varying(50) NOT NULL,
    icon_class character varying(50) NOT NULL
);


ALTER TABLE public.content_socialplatform OWNER TO helloweb;

--
-- Name: content_socialplatform_id_seq; Type: SEQUENCE; Schema: public; Owner: helloweb
--

ALTER TABLE public.content_socialplatform ALTER COLUMN id ADD GENERATED BY DEFAULT AS IDENTITY (
    SEQUENCE NAME public.content_socialplatform_id_seq
    START WITH 1
    INCREMENT BY 1
    NO MINVALUE
    NO MAXVALUE
    CACHE 1
);


--
-- Name: django_admin_log; Type: TABLE; Schema: public; Owner: helloweb
--

CREATE TABLE public.django_admin_log (
    id integer NOT NULL,
    action_time timestamp with time zone NOT NULL,
    object_id text,
    object_repr character varying(200) NOT NULL,
    action_flag smallint NOT NULL,
    change_message text NOT NULL,
    content_type_id integer,
    user_id integer NOT NULL,
    CONSTRAINT django_admin_log_action_flag_check CHECK ((action_flag >= 0))
);


ALTER TABLE public.django_admin_log OWNER TO helloweb;

--
-- Name: django_admin_log_id_seq; Type: SEQUENCE; Schema: public; Owner: helloweb
--

ALTER TABLE public.django_admin_log ALTER COLUMN id ADD GENERATED BY DEFAULT AS IDENTITY (
    SEQUENCE NAME public.django_admin_log_id_seq
    START WITH 1
    INCREMENT BY 1
    NO MINVALUE
    NO MAXVALUE
    CACHE 1
);


--
-- Name: django_content_type; Type: TABLE; Schema: public; Owner: helloweb
--

CREATE TABLE public.django_content_type (
    id integer NOT NULL,
    app_label character varying(100) NOT NULL,
    model character varying(100) NOT NULL
);


ALTER TABLE public.django_content_type OWNER TO helloweb;

--
-- Name: django_content_type_id_seq; Type: SEQUENCE; Schema: public; Owner: helloweb
--

ALTER TABLE public.django_content_type ALTER COLUMN id ADD GENERATED BY DEFAULT AS IDENTITY (
    SEQUENCE NAME public.django_content_type_id_seq
    START WITH 1
    INCREMENT BY 1
    NO MINVALUE
    NO MAXVALUE
    CACHE 1
);


--
-- Name: django_migrations; Type: TABLE; Schema: public; Owner: helloweb
--

CREATE TABLE public.django_migrations (
    id bigint NOT NULL,
    app character varying(255) NOT NULL,
    name character varying(255) NOT NULL,
    applied timestamp with time zone NOT NULL
);


ALTER TABLE public.django_migrations OWNER TO helloweb;

--
-- Name: django_migrations_id_seq; Type: SEQUENCE; Schema: public; Owner: helloweb
--

ALTER TABLE public.django_migrations ALTER COLUMN id ADD GENERATED BY DEFAULT AS IDENTITY (
    SEQUENCE NAME public.django_migrations_id_seq
    START WITH 1
    INCREMENT BY 1
    NO MINVALUE
    NO MAXVALUE
    CACHE 1
);


--
-- Name: django_session; Type: TABLE; Schema: public; Owner: helloweb
--

CREATE TABLE public.django_session (
    session_key character varying(40) NOT NULL,
    session_data text NOT NULL,
    expire_date timestamp with time zone NOT NULL
);


ALTER TABLE public.django_session OWNER TO helloweb;

--
-- Name: sections_page; Type: TABLE; Schema: public; Owner: helloweb
--

CREATE TABLE public.sections_page (
    id bigint NOT NULL,
    title character varying(100) NOT NULL,
    slug character varying(50) NOT NULL,
    meta_title character varying(100) NOT NULL,
    meta_description text NOT NULL,
    is_published boolean NOT NULL,
    created_at timestamp with time zone NOT NULL,
    updated_at timestamp with time zone NOT NULL
);


ALTER TABLE public.sections_page OWNER TO helloweb;

--
-- Name: sections_page_id_seq; Type: SEQUENCE; Schema: public; Owner: helloweb
--

ALTER TABLE public.sections_page ALTER COLUMN id ADD GENERATED BY DEFAULT AS IDENTITY (
    SEQUENCE NAME public.sections_page_id_seq
    START WITH 1
    INCREMENT BY 1
    NO MINVALUE
    NO MAXVALUE
    CACHE 1
);


--
-- Name: sections_pagesection; Type: TABLE; Schema: public; Owner: helloweb
--

CREATE TABLE public.sections_pagesection (
    id bigint NOT NULL,
    "order" integer NOT NULL,
    content jsonb NOT NULL,
    page_id bigint NOT NULL,
    section_id bigint NOT NULL,
    CONSTRAINT sections_pagesection_order_check CHECK (("order" >= 0))
);


ALTER TABLE public.sections_pagesection OWNER TO helloweb;

--
-- Name: sections_pagesection_id_seq; Type: SEQUENCE; Schema: public; Owner: helloweb
--

ALTER TABLE public.sections_pagesection ALTER COLUMN id ADD GENERATED BY DEFAULT AS IDENTITY (
    SEQUENCE NAME public.sections_pagesection_id_seq
    START WITH 1
    INCREMENT BY 1
    NO MINVALUE
    NO MAXVALUE
    CACHE 1
);


--
-- Name: sections_section; Type: TABLE; Schema: public; Owner: helloweb
--

CREATE TABLE public.sections_section (
    id bigint NOT NULL,
    key character varying(50) NOT NULL,
    name character varying(100) NOT NULL,
    description text NOT NULL,
    schema jsonb NOT NULL,
    default_content jsonb NOT NULL
);


ALTER TABLE public.sections_section OWNER TO helloweb;

--
-- Name: sections_section_id_seq; Type: SEQUENCE; Schema: public; Owner: helloweb
--

ALTER TABLE public.sections_section ALTER COLUMN id ADD GENERATED BY DEFAULT AS IDENTITY (
    SEQUENCE NAME public.sections_section_id_seq
    START WITH 1
    INCREMENT BY 1
    NO MINVALUE
    NO MAXVALUE
    CACHE 1
);


--
-- Data for Name: auth_group; Type: TABLE DATA; Schema: public; Owner: helloweb
--

COPY public.auth_group (id, name) FROM stdin;
\.


--
-- Data for Name: auth_group_permissions; Type: TABLE DATA; Schema: public; Owner: helloweb
--

COPY public.auth_group_permissions (id, group_id, permission_id) FROM stdin;
\.


--
-- Data for Name: auth_permission; Type: TABLE DATA; Schema: public; Owner: helloweb
--

COPY public.auth_permission (id, name, content_type_id, codename) FROM stdin;
1	Can add log entry	1	add_logentry
2	Can change log entry	1	change_logentry
3	Can delete log entry	1	delete_logentry
4	Can view log entry	1	view_logentry
5	Can add permission	2	add_permission
6	Can change permission	2	change_permission
7	Can delete permission	2	delete_permission
8	Can view permission	2	view_permission
9	Can add group	3	add_group
10	Can change group	3	change_group
11	Can delete group	3	delete_group
12	Can view group	3	view_group
13	Can add user	4	add_user
14	Can change user	4	change_user
15	Can delete user	4	delete_user
16	Can view user	4	view_user
17	Can add content type	5	add_contenttype
18	Can change content type	5	change_contenttype
19	Can delete content type	5	delete_contenttype
20	Can view content type	5	view_contenttype
21	Can add session	6	add_session
22	Can change session	6	change_session
23	Can delete session	6	delete_session
24	Can view session	6	view_session
25	Can add Site Content	7	add_sitecontent
26	Can change Site Content	7	change_sitecontent
27	Can delete Site Content	7	delete_sitecontent
28	Can view Site Content	7	view_sitecontent
29	Can add Site Settings	8	add_sitesettings
30	Can change Site Settings	8	change_sitesettings
31	Can delete Site Settings	8	delete_sitesettings
32	Can view Site Settings	8	view_sitesettings
33	Can add social link	9	add_sociallink
34	Can change social link	9	change_sociallink
35	Can delete social link	9	delete_sociallink
36	Can view social link	9	view_sociallink
37	Can add social platform	10	add_socialplatform
38	Can change social platform	10	change_socialplatform
39	Can delete social platform	10	delete_socialplatform
40	Can view social platform	10	view_socialplatform
41	Can add page section	11	add_pagesection
42	Can change page section	11	change_pagesection
43	Can delete page section	11	delete_pagesection
44	Can view page section	11	view_pagesection
45	Can add section	12	add_section
46	Can change section	12	change_section
47	Can delete section	12	delete_section
48	Can view section	12	view_section
49	Can add page	13	add_page
50	Can change page	13	change_page
51	Can delete page	13	delete_page
52	Can view page	13	view_page
\.


--
-- Data for Name: auth_user; Type: TABLE DATA; Schema: public; Owner: helloweb
--

COPY public.auth_user (id, password, last_login, is_superuser, username, first_name, last_name, email, is_staff, is_active, date_joined) FROM stdin;
1	pbkdf2_sha256$870000$EWSfr13szknNDrl5VkCH7j$t+GFOgJqnigaiJuKpTOaO8BpkfmxoQyHqmdZ/VrkuWU=	2025-05-11 22:33:17.615062+00	t	admin			admin@example.com	t	t	2025-05-11 22:33:10.494938+00
\.


--
-- Data for Name: auth_user_groups; Type: TABLE DATA; Schema: public; Owner: helloweb
--

COPY public.auth_user_groups (id, user_id, group_id) FROM stdin;
\.


--
-- Data for Name: auth_user_user_permissions; Type: TABLE DATA; Schema: public; Owner: helloweb
--

COPY public.auth_user_user_permissions (id, user_id, permission_id) FROM stdin;
\.


--
-- Data for Name: content_sitecontent; Type: TABLE DATA; Schema: public; Owner: helloweb
--

COPY public.content_sitecontent (id, email, phone, address) FROM stdin;
\.


--
-- Data for Name: content_sitesettings; Type: TABLE DATA; Schema: public; Owner: helloweb
--

COPY public.content_sitesettings (id, email, phone, address, facebook, instagram, linkedin, tiktok, twitter, youtube) FROM stdin;
1	orders@smlxlmerch.com	615-545-1218	401 Church St. Franklin, TN 37064	https://www.facebook.com/smlxl.cz				https://x.com/smlxlmerch	
\.


--
-- Data for Name: content_sociallink; Type: TABLE DATA; Schema: public; Owner: helloweb
--

COPY public.content_sociallink (id, url, site_settings_id, platform_id, created_at) FROM stdin;
2	https://www.facebook.com/smlxl.cz	1	1	2025-05-12 00:11:33.675362+00
3	https://x.com/smlxlmerch	1	2	2025-05-12 00:11:33.675362+00
\.


--
-- Data for Name: content_socialplatform; Type: TABLE DATA; Schema: public; Owner: helloweb
--

COPY public.content_socialplatform (id, name, icon_class) FROM stdin;
1	Facebook	facebook
2	Twitter	twitter
3	Instagram	instagram
4	LinkedIn	linkedin
5	YouTube	youtube
6	TikTok	tiktok
7	Pinterest	pinterest
8	GitHub	github
9	Reddit	reddit
\.


--
-- Data for Name: django_admin_log; Type: TABLE DATA; Schema: public; Owner: helloweb
--

COPY public.django_admin_log (id, action_time, object_id, object_repr, action_flag, change_message, content_type_id, user_id) FROM stdin;
1	2025-05-11 23:26:29.864724+00	1	Global Site Settings	2	[{"changed": {"fields": ["Email"]}}]	8	1
2	2025-05-11 23:32:11.21777+00	1	Global Site Settings	2	[{"changed": {"fields": ["Email"]}}]	8	1
3	2025-05-11 23:33:19.116423+00	1	Global Site Settings	2	[{"changed": {"fields": ["Phone", "Address"]}}]	8	1
4	2025-05-11 23:55:29.639193+00	1	Global Site Settings	2	[{"changed": {"fields": ["Facebook"]}}]	8	1
5	2025-05-11 23:55:54.497764+00	1	Global Site Settings	2	[{"changed": {"fields": ["Email"]}}]	8	1
6	2025-05-11 23:56:11.521586+00	1	Global Site Settings	2	[{"changed": {"fields": ["Email"]}}]	8	1
7	2025-05-11 23:57:43.707306+00	1	Global Site Settings	2	[{"changed": {"fields": ["Facebook", "Twitter", "Instagram", "Linkedin", "Youtube", "Tiktok"]}}]	8	1
8	2025-05-12 00:06:20.149463+00	1	Global Site Settings	2	[{"added": {"name": "social link", "object": "Behance - http://www.google.com"}}]	8	1
9	2025-05-12 00:08:58.265465+00	1	Global Site Settings	2	[{"changed": {"name": "social link", "object": "Facebook - http://www.google.com", "fields": ["Platform"]}}]	8	1
10	2025-05-12 00:09:39.160818+00	1	Global Site Settings	2	[{"added": {"name": "social link", "object": "Facebook - https://www.facebook.com/smlxl.cz"}}, {"added": {"name": "social link", "object": "Twitter - https://x.com/smlxlmerch"}}]	8	1
11	2025-05-12 00:15:55.438011+00	1	Global Site Settings	2	[{"added": {"name": "social link", "object": "Instagram - http://google.com"}}]	8	1
12	2025-05-12 00:16:06.067844+00	4	Instagram - http://google.com	3		9	1
13	2025-05-12 02:24:12.608746+00	1	Home	2	[{"deleted": {"name": "page section", "object": "Home - Hero Section 2 (#2)"}}]	13	1
14	2025-05-12 03:15:13.884694+00	1	Home	2	[{"deleted": {"name": "page section", "object": "Home - Hero Section 1 (#1)"}}]	13	1
15	2025-05-12 03:15:23.361423+00	1	Home	2	[{"added": {"name": "page section", "object": "Home - Hero Section 1 (#0)"}}]	13	1
\.


--
-- Data for Name: django_content_type; Type: TABLE DATA; Schema: public; Owner: helloweb
--

COPY public.django_content_type (id, app_label, model) FROM stdin;
1	admin	logentry
2	auth	permission
3	auth	group
4	auth	user
5	contenttypes	contenttype
6	sessions	session
7	content	sitecontent
8	content	sitesettings
9	content	sociallink
10	content	socialplatform
11	sections	pagesection
12	sections	section
13	sections	page
\.


--
-- Data for Name: django_migrations; Type: TABLE DATA; Schema: public; Owner: helloweb
--

COPY public.django_migrations (id, app, name, applied) FROM stdin;
1	contenttypes	0001_initial	2025-05-11 22:32:54.352781+00
2	auth	0001_initial	2025-05-11 22:32:54.380555+00
3	admin	0001_initial	2025-05-11 22:32:54.39299+00
4	admin	0002_logentry_remove_auto_add	2025-05-11 22:32:54.397581+00
5	admin	0003_logentry_add_action_flag_choices	2025-05-11 22:32:54.402421+00
6	contenttypes	0002_remove_content_type_name	2025-05-11 22:32:54.414967+00
7	auth	0002_alter_permission_name_max_length	2025-05-11 22:32:54.420785+00
8	auth	0003_alter_user_email_max_length	2025-05-11 22:32:54.427296+00
9	auth	0004_alter_user_username_opts	2025-05-11 22:32:54.43213+00
10	auth	0005_alter_user_last_login_null	2025-05-11 22:32:54.438038+00
11	auth	0006_require_contenttypes_0002	2025-05-11 22:32:54.438971+00
12	auth	0007_alter_validators_add_error_messages	2025-05-11 22:32:54.442927+00
13	auth	0008_alter_user_username_max_length	2025-05-11 22:32:54.45005+00
14	auth	0009_alter_user_last_name_max_length	2025-05-11 22:32:54.455439+00
15	auth	0010_alter_group_name_max_length	2025-05-11 22:32:54.460315+00
16	auth	0011_update_proxy_permissions	2025-05-11 22:32:54.463949+00
17	auth	0012_alter_user_first_name_max_length	2025-05-11 22:32:54.468722+00
18	sessions	0001_initial	2025-05-11 22:32:54.472954+00
21	content	0001_initial	2025-05-11 23:22:20.839333+00
22	content	0002_sitesettings_facebook_sitesettings_instagram_and_more	2025-05-11 23:54:07.938781+00
23	content	0003_socialplatform_sociallink	2025-05-12 00:05:50.150067+00
24	content	0004_alter_sociallink_options_remove_sociallink_order_and_more	2025-05-12 00:11:33.676336+00
27	sections	0001_initial	2025-05-12 02:02:57.364755+00
28	sections	0002_initial_data	2025-05-12 02:02:57.367244+00
29	sections	0003_rename_section_types	2025-05-12 02:21:44.946381+00
\.


--
-- Data for Name: django_session; Type: TABLE DATA; Schema: public; Owner: helloweb
--

COPY public.django_session (session_key, session_data, expire_date) FROM stdin;
\.


--
-- Data for Name: sections_page; Type: TABLE DATA; Schema: public; Owner: helloweb
--

COPY public.sections_page (id, title, slug, meta_title, meta_description, is_published, created_at, updated_at) FROM stdin;
1	Home	home	Welcome to Our Website | Your Business	The official website of Your Business. Learn about our services, products, and how we can help you succeed.	t	2025-05-12 00:00:00+00	2025-05-12 00:00:00+00
2	About Us	about	About Our Company | Your Business	Learn about our company's history, our mission, vision, and the team behind our success.	t	2025-05-12 00:00:00+00	2025-05-12 00:00:00+00
\.


--
-- Data for Name: sections_pagesection; Type: TABLE DATA; Schema: public; Owner: helloweb
--

COPY public.sections_pagesection (id, "order", content, page_id, section_id) FROM stdin;
4	0	{}	1	1
1	1	{"heading": "Welcome to Our Amazing Business", "cta_link": "/about", "cta_text": "Learn More", "subheading": "We help businesses grow through innovative solutions", "background_image": "/static/images/hero-bg.jpg"}	1	1
2	2	{"text": "Join hundreds of satisfied customers who have taken their business to the next level.", "heading": "Ready to Transform Your Business?", "cta_link": "/contact", "cta_text": "Contact Us Today"}	1	2
3	1	{"heading": "About Our Company", "cta_link": "/team", "cta_text": "Meet Our Team", "subheading": "Founded in 2010, we've been helping businesses succeed for over 15 years", "background_image": "/static/images/about-hero.jpg"}	2	1
\.


--
-- Data for Name: sections_section; Type: TABLE DATA; Schema: public; Owner: helloweb
--

COPY public.sections_section (id, key, name, description, schema, default_content) FROM stdin;
1	hero1	Hero Section 1	A hero section with heading, subheading, background image, and call-to-action button.	{"heading": "string", "cta_link": "string", "cta_text": "string", "body_text": "string?", "subheading": "string?", "background_image": "string?", "animation_settings": {"particle_count": "number?", "particle_size_max": "number?", "particle_size_min": "number?"}, "secondary_cta_link": "string?", "secondary_cta_text": "string?"}	{"heading": "Your One-Stop Merch Shop", "cta_link": "/contact", "cta_text": "Get In Touch", "body_text": "From design to manufacturing, e-commerce to fulfillment, we've got all your merchandise needs covered. Let us help you create products your customers will love.", "subheading": "From design to manufacturing, e-commerce to fulfillment", "animation_settings": {"particle_count": 30, "particle_size_max": 20, "particle_size_min": 8}, "secondary_cta_link": "/services", "secondary_cta_text": "View Services"}
2	hero2	Hero Section 2	A call-to-action section with heading, text, and a button.	{"text": "string?", "heading": "string", "cta_link": "string", "cta_text": "string"}	{"text": "Join hundreds of satisfied customers who have taken their business to the next level.", "heading": "Ready to Transform Your Business?", "cta_link": "/contact", "cta_text": "Contact Us Today"}
\.


--
-- Name: auth_group_id_seq; Type: SEQUENCE SET; Schema: public; Owner: helloweb
--

SELECT pg_catalog.setval('public.auth_group_id_seq', 1, false);


--
-- Name: auth_group_permissions_id_seq; Type: SEQUENCE SET; Schema: public; Owner: helloweb
--

SELECT pg_catalog.setval('public.auth_group_permissions_id_seq', 1, false);


--
-- Name: auth_permission_id_seq; Type: SEQUENCE SET; Schema: public; Owner: helloweb
--

SELECT pg_catalog.setval('public.auth_permission_id_seq', 52, true);


--
-- Name: auth_user_groups_id_seq; Type: SEQUENCE SET; Schema: public; Owner: helloweb
--

SELECT pg_catalog.setval('public.auth_user_groups_id_seq', 1, false);


--
-- Name: auth_user_id_seq; Type: SEQUENCE SET; Schema: public; Owner: helloweb
--

SELECT pg_catalog.setval('public.auth_user_id_seq', 1, true);


--
-- Name: auth_user_user_permissions_id_seq; Type: SEQUENCE SET; Schema: public; Owner: helloweb
--

SELECT pg_catalog.setval('public.auth_user_user_permissions_id_seq', 1, false);


--
-- Name: content_sitecontent_id_seq; Type: SEQUENCE SET; Schema: public; Owner: helloweb
--

SELECT pg_catalog.setval('public.content_sitecontent_id_seq', 1, false);


--
-- Name: content_sitesettings_id_seq; Type: SEQUENCE SET; Schema: public; Owner: helloweb
--

SELECT pg_catalog.setval('public.content_sitesettings_id_seq', 1, true);


--
-- Name: content_sociallink_id_seq; Type: SEQUENCE SET; Schema: public; Owner: helloweb
--

SELECT pg_catalog.setval('public.content_sociallink_id_seq', 4, true);


--
-- Name: content_socialplatform_id_seq; Type: SEQUENCE SET; Schema: public; Owner: helloweb
--

SELECT pg_catalog.setval('public.content_socialplatform_id_seq', 9, true);


--
-- Name: django_admin_log_id_seq; Type: SEQUENCE SET; Schema: public; Owner: helloweb
--

SELECT pg_catalog.setval('public.django_admin_log_id_seq', 15, true);


--
-- Name: django_content_type_id_seq; Type: SEQUENCE SET; Schema: public; Owner: helloweb
--

SELECT pg_catalog.setval('public.django_content_type_id_seq', 13, true);


--
-- Name: django_migrations_id_seq; Type: SEQUENCE SET; Schema: public; Owner: helloweb
--

SELECT pg_catalog.setval('public.django_migrations_id_seq', 29, true);


--
-- Name: sections_page_id_seq; Type: SEQUENCE SET; Schema: public; Owner: helloweb
--

SELECT pg_catalog.setval('public.sections_page_id_seq', 2, true);


--
-- Name: sections_pagesection_id_seq; Type: SEQUENCE SET; Schema: public; Owner: helloweb
--

SELECT pg_catalog.setval('public.sections_pagesection_id_seq', 4, true);


--
-- Name: sections_section_id_seq; Type: SEQUENCE SET; Schema: public; Owner: helloweb
--

SELECT pg_catalog.setval('public.sections_section_id_seq', 2, true);


--
-- Name: auth_group auth_group_name_key; Type: CONSTRAINT; Schema: public; Owner: helloweb
--

ALTER TABLE ONLY public.auth_group
    ADD CONSTRAINT auth_group_name_key UNIQUE (name);


--
-- Name: auth_group_permissions auth_group_permissions_group_id_permission_id_0cd325b0_uniq; Type: CONSTRAINT; Schema: public; Owner: helloweb
--

ALTER TABLE ONLY public.auth_group_permissions
    ADD CONSTRAINT auth_group_permissions_group_id_permission_id_0cd325b0_uniq UNIQUE (group_id, permission_id);


--
-- Name: auth_group_permissions auth_group_permissions_pkey; Type: CONSTRAINT; Schema: public; Owner: helloweb
--

ALTER TABLE ONLY public.auth_group_permissions
    ADD CONSTRAINT auth_group_permissions_pkey PRIMARY KEY (id);


--
-- Name: auth_group auth_group_pkey; Type: CONSTRAINT; Schema: public; Owner: helloweb
--

ALTER TABLE ONLY public.auth_group
    ADD CONSTRAINT auth_group_pkey PRIMARY KEY (id);


--
-- Name: auth_permission auth_permission_content_type_id_codename_01ab375a_uniq; Type: CONSTRAINT; Schema: public; Owner: helloweb
--

ALTER TABLE ONLY public.auth_permission
    ADD CONSTRAINT auth_permission_content_type_id_codename_01ab375a_uniq UNIQUE (content_type_id, codename);


--
-- Name: auth_permission auth_permission_pkey; Type: CONSTRAINT; Schema: public; Owner: helloweb
--

ALTER TABLE ONLY public.auth_permission
    ADD CONSTRAINT auth_permission_pkey PRIMARY KEY (id);


--
-- Name: auth_user_groups auth_user_groups_pkey; Type: CONSTRAINT; Schema: public; Owner: helloweb
--

ALTER TABLE ONLY public.auth_user_groups
    ADD CONSTRAINT auth_user_groups_pkey PRIMARY KEY (id);


--
-- Name: auth_user_groups auth_user_groups_user_id_group_id_94350c0c_uniq; Type: CONSTRAINT; Schema: public; Owner: helloweb
--

ALTER TABLE ONLY public.auth_user_groups
    ADD CONSTRAINT auth_user_groups_user_id_group_id_94350c0c_uniq UNIQUE (user_id, group_id);


--
-- Name: auth_user auth_user_pkey; Type: CONSTRAINT; Schema: public; Owner: helloweb
--

ALTER TABLE ONLY public.auth_user
    ADD CONSTRAINT auth_user_pkey PRIMARY KEY (id);


--
-- Name: auth_user_user_permissions auth_user_user_permissions_pkey; Type: CONSTRAINT; Schema: public; Owner: helloweb
--

ALTER TABLE ONLY public.auth_user_user_permissions
    ADD CONSTRAINT auth_user_user_permissions_pkey PRIMARY KEY (id);


--
-- Name: auth_user_user_permissions auth_user_user_permissions_user_id_permission_id_14a6b632_uniq; Type: CONSTRAINT; Schema: public; Owner: helloweb
--

ALTER TABLE ONLY public.auth_user_user_permissions
    ADD CONSTRAINT auth_user_user_permissions_user_id_permission_id_14a6b632_uniq UNIQUE (user_id, permission_id);


--
-- Name: auth_user auth_user_username_key; Type: CONSTRAINT; Schema: public; Owner: helloweb
--

ALTER TABLE ONLY public.auth_user
    ADD CONSTRAINT auth_user_username_key UNIQUE (username);


--
-- Name: content_sitecontent content_sitecontent_pkey; Type: CONSTRAINT; Schema: public; Owner: helloweb
--

ALTER TABLE ONLY public.content_sitecontent
    ADD CONSTRAINT content_sitecontent_pkey PRIMARY KEY (id);


--
-- Name: content_sitesettings content_sitesettings_pkey; Type: CONSTRAINT; Schema: public; Owner: helloweb
--

ALTER TABLE ONLY public.content_sitesettings
    ADD CONSTRAINT content_sitesettings_pkey PRIMARY KEY (id);


--
-- Name: content_sociallink content_sociallink_pkey; Type: CONSTRAINT; Schema: public; Owner: helloweb
--

ALTER TABLE ONLY public.content_sociallink
    ADD CONSTRAINT content_sociallink_pkey PRIMARY KEY (id);


--
-- Name: content_sociallink content_sociallink_site_settings_id_platform_id_3be582d9_uniq; Type: CONSTRAINT; Schema: public; Owner: helloweb
--

ALTER TABLE ONLY public.content_sociallink
    ADD CONSTRAINT content_sociallink_site_settings_id_platform_id_3be582d9_uniq UNIQUE (site_settings_id, platform_id);


--
-- Name: content_socialplatform content_socialplatform_name_key; Type: CONSTRAINT; Schema: public; Owner: helloweb
--

ALTER TABLE ONLY public.content_socialplatform
    ADD CONSTRAINT content_socialplatform_name_key UNIQUE (name);


--
-- Name: content_socialplatform content_socialplatform_pkey; Type: CONSTRAINT; Schema: public; Owner: helloweb
--

ALTER TABLE ONLY public.content_socialplatform
    ADD CONSTRAINT content_socialplatform_pkey PRIMARY KEY (id);


--
-- Name: django_admin_log django_admin_log_pkey; Type: CONSTRAINT; Schema: public; Owner: helloweb
--

ALTER TABLE ONLY public.django_admin_log
    ADD CONSTRAINT django_admin_log_pkey PRIMARY KEY (id);


--
-- Name: django_content_type django_content_type_app_label_model_76bd3d3b_uniq; Type: CONSTRAINT; Schema: public; Owner: helloweb
--

ALTER TABLE ONLY public.django_content_type
    ADD CONSTRAINT django_content_type_app_label_model_76bd3d3b_uniq UNIQUE (app_label, model);


--
-- Name: django_content_type django_content_type_pkey; Type: CONSTRAINT; Schema: public; Owner: helloweb
--

ALTER TABLE ONLY public.django_content_type
    ADD CONSTRAINT django_content_type_pkey PRIMARY KEY (id);


--
-- Name: django_migrations django_migrations_pkey; Type: CONSTRAINT; Schema: public; Owner: helloweb
--

ALTER TABLE ONLY public.django_migrations
    ADD CONSTRAINT django_migrations_pkey PRIMARY KEY (id);


--
-- Name: django_session django_session_pkey; Type: CONSTRAINT; Schema: public; Owner: helloweb
--

ALTER TABLE ONLY public.django_session
    ADD CONSTRAINT django_session_pkey PRIMARY KEY (session_key);


--
-- Name: sections_page sections_page_pkey; Type: CONSTRAINT; Schema: public; Owner: helloweb
--

ALTER TABLE ONLY public.sections_page
    ADD CONSTRAINT sections_page_pkey PRIMARY KEY (id);


--
-- Name: sections_page sections_page_slug_key; Type: CONSTRAINT; Schema: public; Owner: helloweb
--

ALTER TABLE ONLY public.sections_page
    ADD CONSTRAINT sections_page_slug_key UNIQUE (slug);


--
-- Name: sections_pagesection sections_pagesection_page_id_order_5c7dab4a_uniq; Type: CONSTRAINT; Schema: public; Owner: helloweb
--

ALTER TABLE ONLY public.sections_pagesection
    ADD CONSTRAINT sections_pagesection_page_id_order_5c7dab4a_uniq UNIQUE (page_id, "order");


--
-- Name: sections_pagesection sections_pagesection_pkey; Type: CONSTRAINT; Schema: public; Owner: helloweb
--

ALTER TABLE ONLY public.sections_pagesection
    ADD CONSTRAINT sections_pagesection_pkey PRIMARY KEY (id);


--
-- Name: sections_section sections_section_key_key; Type: CONSTRAINT; Schema: public; Owner: helloweb
--

ALTER TABLE ONLY public.sections_section
    ADD CONSTRAINT sections_section_key_key UNIQUE (key);


--
-- Name: sections_section sections_section_pkey; Type: CONSTRAINT; Schema: public; Owner: helloweb
--

ALTER TABLE ONLY public.sections_section
    ADD CONSTRAINT sections_section_pkey PRIMARY KEY (id);


--
-- Name: auth_group_name_a6ea08ec_like; Type: INDEX; Schema: public; Owner: helloweb
--

CREATE INDEX auth_group_name_a6ea08ec_like ON public.auth_group USING btree (name varchar_pattern_ops);


--
-- Name: auth_group_permissions_group_id_b120cbf9; Type: INDEX; Schema: public; Owner: helloweb
--

CREATE INDEX auth_group_permissions_group_id_b120cbf9 ON public.auth_group_permissions USING btree (group_id);


--
-- Name: auth_group_permissions_permission_id_84c5c92e; Type: INDEX; Schema: public; Owner: helloweb
--

CREATE INDEX auth_group_permissions_permission_id_84c5c92e ON public.auth_group_permissions USING btree (permission_id);


--
-- Name: auth_permission_content_type_id_2f476e4b; Type: INDEX; Schema: public; Owner: helloweb
--

CREATE INDEX auth_permission_content_type_id_2f476e4b ON public.auth_permission USING btree (content_type_id);


--
-- Name: auth_user_groups_group_id_97559544; Type: INDEX; Schema: public; Owner: helloweb
--

CREATE INDEX auth_user_groups_group_id_97559544 ON public.auth_user_groups USING btree (group_id);


--
-- Name: auth_user_groups_user_id_6a12ed8b; Type: INDEX; Schema: public; Owner: helloweb
--

CREATE INDEX auth_user_groups_user_id_6a12ed8b ON public.auth_user_groups USING btree (user_id);


--
-- Name: auth_user_user_permissions_permission_id_1fbb5f2c; Type: INDEX; Schema: public; Owner: helloweb
--

CREATE INDEX auth_user_user_permissions_permission_id_1fbb5f2c ON public.auth_user_user_permissions USING btree (permission_id);


--
-- Name: auth_user_user_permissions_user_id_a95ead1b; Type: INDEX; Schema: public; Owner: helloweb
--

CREATE INDEX auth_user_user_permissions_user_id_a95ead1b ON public.auth_user_user_permissions USING btree (user_id);


--
-- Name: auth_user_username_6821ab7c_like; Type: INDEX; Schema: public; Owner: helloweb
--

CREATE INDEX auth_user_username_6821ab7c_like ON public.auth_user USING btree (username varchar_pattern_ops);


--
-- Name: content_sociallink_platform_id_7dd47d59; Type: INDEX; Schema: public; Owner: helloweb
--

CREATE INDEX content_sociallink_platform_id_7dd47d59 ON public.content_sociallink USING btree (platform_id);


--
-- Name: content_sociallink_site_settings_id_c61a6298; Type: INDEX; Schema: public; Owner: helloweb
--

CREATE INDEX content_sociallink_site_settings_id_c61a6298 ON public.content_sociallink USING btree (site_settings_id);


--
-- Name: content_socialplatform_name_8dc24fb9_like; Type: INDEX; Schema: public; Owner: helloweb
--

CREATE INDEX content_socialplatform_name_8dc24fb9_like ON public.content_socialplatform USING btree (name varchar_pattern_ops);


--
-- Name: django_admin_log_content_type_id_c4bce8eb; Type: INDEX; Schema: public; Owner: helloweb
--

CREATE INDEX django_admin_log_content_type_id_c4bce8eb ON public.django_admin_log USING btree (content_type_id);


--
-- Name: django_admin_log_user_id_c564eba6; Type: INDEX; Schema: public; Owner: helloweb
--

CREATE INDEX django_admin_log_user_id_c564eba6 ON public.django_admin_log USING btree (user_id);


--
-- Name: django_session_expire_date_a5c62663; Type: INDEX; Schema: public; Owner: helloweb
--

CREATE INDEX django_session_expire_date_a5c62663 ON public.django_session USING btree (expire_date);


--
-- Name: django_session_session_key_c0390e0f_like; Type: INDEX; Schema: public; Owner: helloweb
--

CREATE INDEX django_session_session_key_c0390e0f_like ON public.django_session USING btree (session_key varchar_pattern_ops);


--
-- Name: sections_page_slug_652201ab_like; Type: INDEX; Schema: public; Owner: helloweb
--

CREATE INDEX sections_page_slug_652201ab_like ON public.sections_page USING btree (slug varchar_pattern_ops);


--
-- Name: sections_pagesection_page_id_325ced74; Type: INDEX; Schema: public; Owner: helloweb
--

CREATE INDEX sections_pagesection_page_id_325ced74 ON public.sections_pagesection USING btree (page_id);


--
-- Name: sections_pagesection_section_id_0f1b2582; Type: INDEX; Schema: public; Owner: helloweb
--

CREATE INDEX sections_pagesection_section_id_0f1b2582 ON public.sections_pagesection USING btree (section_id);


--
-- Name: sections_section_key_77536898_like; Type: INDEX; Schema: public; Owner: helloweb
--

CREATE INDEX sections_section_key_77536898_like ON public.sections_section USING btree (key varchar_pattern_ops);


--
-- Name: auth_group_permissions auth_group_permissio_permission_id_84c5c92e_fk_auth_perm; Type: FK CONSTRAINT; Schema: public; Owner: helloweb
--

ALTER TABLE ONLY public.auth_group_permissions
    ADD CONSTRAINT auth_group_permissio_permission_id_84c5c92e_fk_auth_perm FOREIGN KEY (permission_id) REFERENCES public.auth_permission(id) DEFERRABLE INITIALLY DEFERRED;


--
-- Name: auth_group_permissions auth_group_permissions_group_id_b120cbf9_fk_auth_group_id; Type: FK CONSTRAINT; Schema: public; Owner: helloweb
--

ALTER TABLE ONLY public.auth_group_permissions
    ADD CONSTRAINT auth_group_permissions_group_id_b120cbf9_fk_auth_group_id FOREIGN KEY (group_id) REFERENCES public.auth_group(id) DEFERRABLE INITIALLY DEFERRED;


--
-- Name: auth_permission auth_permission_content_type_id_2f476e4b_fk_django_co; Type: FK CONSTRAINT; Schema: public; Owner: helloweb
--

ALTER TABLE ONLY public.auth_permission
    ADD CONSTRAINT auth_permission_content_type_id_2f476e4b_fk_django_co FOREIGN KEY (content_type_id) REFERENCES public.django_content_type(id) DEFERRABLE INITIALLY DEFERRED;


--
-- Name: auth_user_groups auth_user_groups_group_id_97559544_fk_auth_group_id; Type: FK CONSTRAINT; Schema: public; Owner: helloweb
--

ALTER TABLE ONLY public.auth_user_groups
    ADD CONSTRAINT auth_user_groups_group_id_97559544_fk_auth_group_id FOREIGN KEY (group_id) REFERENCES public.auth_group(id) DEFERRABLE INITIALLY DEFERRED;


--
-- Name: auth_user_groups auth_user_groups_user_id_6a12ed8b_fk_auth_user_id; Type: FK CONSTRAINT; Schema: public; Owner: helloweb
--

ALTER TABLE ONLY public.auth_user_groups
    ADD CONSTRAINT auth_user_groups_user_id_6a12ed8b_fk_auth_user_id FOREIGN KEY (user_id) REFERENCES public.auth_user(id) DEFERRABLE INITIALLY DEFERRED;


--
-- Name: auth_user_user_permissions auth_user_user_permi_permission_id_1fbb5f2c_fk_auth_perm; Type: FK CONSTRAINT; Schema: public; Owner: helloweb
--

ALTER TABLE ONLY public.auth_user_user_permissions
    ADD CONSTRAINT auth_user_user_permi_permission_id_1fbb5f2c_fk_auth_perm FOREIGN KEY (permission_id) REFERENCES public.auth_permission(id) DEFERRABLE INITIALLY DEFERRED;


--
-- Name: auth_user_user_permissions auth_user_user_permissions_user_id_a95ead1b_fk_auth_user_id; Type: FK CONSTRAINT; Schema: public; Owner: helloweb
--

ALTER TABLE ONLY public.auth_user_user_permissions
    ADD CONSTRAINT auth_user_user_permissions_user_id_a95ead1b_fk_auth_user_id FOREIGN KEY (user_id) REFERENCES public.auth_user(id) DEFERRABLE INITIALLY DEFERRED;


--
-- Name: content_sociallink content_sociallink_platform_id_7dd47d59_fk_content_s; Type: FK CONSTRAINT; Schema: public; Owner: helloweb
--

ALTER TABLE ONLY public.content_sociallink
    ADD CONSTRAINT content_sociallink_platform_id_7dd47d59_fk_content_s FOREIGN KEY (platform_id) REFERENCES public.content_socialplatform(id) DEFERRABLE INITIALLY DEFERRED;


--
-- Name: content_sociallink content_sociallink_site_settings_id_c61a6298_fk_content_s; Type: FK CONSTRAINT; Schema: public; Owner: helloweb
--

ALTER TABLE ONLY public.content_sociallink
    ADD CONSTRAINT content_sociallink_site_settings_id_c61a6298_fk_content_s FOREIGN KEY (site_settings_id) REFERENCES public.content_sitesettings(id) DEFERRABLE INITIALLY DEFERRED;


--
-- Name: django_admin_log django_admin_log_content_type_id_c4bce8eb_fk_django_co; Type: FK CONSTRAINT; Schema: public; Owner: helloweb
--

ALTER TABLE ONLY public.django_admin_log
    ADD CONSTRAINT django_admin_log_content_type_id_c4bce8eb_fk_django_co FOREIGN KEY (content_type_id) REFERENCES public.django_content_type(id) DEFERRABLE INITIALLY DEFERRED;


--
-- Name: django_admin_log django_admin_log_user_id_c564eba6_fk_auth_user_id; Type: FK CONSTRAINT; Schema: public; Owner: helloweb
--

ALTER TABLE ONLY public.django_admin_log
    ADD CONSTRAINT django_admin_log_user_id_c564eba6_fk_auth_user_id FOREIGN KEY (user_id) REFERENCES public.auth_user(id) DEFERRABLE INITIALLY DEFERRED;


--
-- Name: sections_pagesection sections_pagesection_page_id_325ced74_fk_sections_page_id; Type: FK CONSTRAINT; Schema: public; Owner: helloweb
--

ALTER TABLE ONLY public.sections_pagesection
    ADD CONSTRAINT sections_pagesection_page_id_325ced74_fk_sections_page_id FOREIGN KEY (page_id) REFERENCES public.sections_page(id) DEFERRABLE INITIALLY DEFERRED;


--
-- Name: sections_pagesection sections_pagesection_section_id_0f1b2582_fk_sections_section_id; Type: FK CONSTRAINT; Schema: public; Owner: helloweb
--

ALTER TABLE ONLY public.sections_pagesection
    ADD CONSTRAINT sections_pagesection_section_id_0f1b2582_fk_sections_section_id FOREIGN KEY (section_id) REFERENCES public.sections_section(id) DEFERRABLE INITIALLY DEFERRED;


--
-- PostgreSQL database dump complete
--

